Class,_RMSenergy_Mean,_Lowenergy_Mean,_Fluctuation_Mean,_Tempo_Mean,_MFCC_Mean_1,_MFCC_Mean_2,_MFCC_Mean_3,_MFCC_Mean_4,_MFCC_Mean_5,_MFCC_Mean_6,_MFCC_Mean_7,_MFCC_Mean_8,_MFCC_Mean_9,_MFCC_Mean_10,_MFCC_Mean_11,_MFCC_Mean_12,_MFCC_Mean_13,_Roughness_Mean,_Roughness_Slope
relax,0.052,0.591,9.136,130.043,3.997,0.363,0.887,0.078,0.221,0.118,-0.151,-0.131,0.129,0.154,0.274,0.232,0.246,51.542,0.325
relax,0.125,0.439,6.68,142.24,4.058,0.516,0.785,0.397,0.556,0.799,-0.403,-0.264,-0.057,0.288,0.309,0.049,0.027,336.839,0.366
relax,0.046,0.639,10.578,188.154,2.775,0.903,0.502,0.329,0.287,0.14,-0.246,0.025,-0.112,-0.422,0.018,0.179,0.138,39.864,0.224
relax,0.135,0.603,10.442,65.991,2.841,1.552,0.612,0.351,0.011,0.143,0.047,0.242,0.018,0.168,0.141,0.245,0.146,353.744,0.215
relax,0.066,0.591,9.769,88.89,3.217,0.228,0.814,0.096,0.434,0.285,0.104,0.013,-0.235,-0.207,-0.276,-0.294,-0.19,46.884,-0.118
relax,0.137,0.51,7.664,116.044,2.313,-0.082,0.365,0.033,-0.136,-0.579,-0.138,-0.033,-0.018,0.368,0.117,0.01,-0.02,249.382,0.04
relax,0.123,0.533,7.483,136.444,4.572,1.171,0.939,0.358,0.024,0.201,0.115,0.032,-0.088,-0.288,-0.012,-0.332,-0.17,336.252,0.272
relax,0.103,0.575,7.006,141.132,3.495,0.553,0.275,0.269,0.257,0.544,-0.002,-0.084,0.009,0.202,-0.101,-0.091,-0.073,293.372,0.345
relax,0.145,0.542,6.846,82.048,4.01,0.55,0.568,0.559,0.218,-0.029,-0.196,-0.187,0.052,-0.177,0.21,-0.025,0.277,737.908,0.38
relax,0.129,0.618,8.668,93.02,2.318,0.744,0.537,-0.116,0.119,0.069,0.147,-0.027,-0.139,0.124,0.009,0.031,0.012,215.057,0.185
relax,0.142,0.534,6.85,82.256,4.006,0.547,0.579,0.55,0.21,-0.033,-0.197,-0.182,0.048,-0.184,0.218,-0.034,0.296,685.05,0.337
relax,0.08,0.566,8.774,76.84,2.792,0.747,0.263,0.622,0.306,-0.022,-0.444,-0.245,0.202,0.133,0.235,-0.056,0.071,182.241,0.086
relax,0.132,0.557,5.928,103.599,4.165,-0.32,0.521,0.012,0.202,0.015,-0.321,0.089,-0.05,0.205,-0.033,0.211,0.015,388.437,0.236
relax,0.068,0.659,8.58,182.302,2.847,0.211,0.781,0.657,0.008,0.246,-0.297,0.107,0.036,0.267,-0.091,0.187,0.119,61.486,0.169
relax,0.042,0.555,6.203,110.361,2.67,0.024,0.207,0.248,-0.054,0.129,0.105,0.268,-0.204,0.252,0.192,0.259,0.324,39.363,0.005
relax,0.177,0.583,8.026,64.156,2.205,0.484,0.922,0.269,0.541,0.079,-0.153,-0.008,-0.084,0.191,-0.021,-0.171,-0.011,651.88,-0.074
relax,0.14,0.522,7.122,157.623,1.902,0.682,0.818,0.314,0.42,0.27,0.298,0.158,0.103,0.028,0.012,0.012,0.053,582.645,-0.013
relax,0.127,0.567,7.115,77.25,2.58,0.397,0.573,0.351,0.22,0.33,0.021,-0.15,-0.187,-0.185,-0.116,-0.07,-0.063,219.118,0.158
relax,0.074,0.556,6.449,121.659,2.829,0.324,0.498,0.071,0.025,-0.033,-0.083,-0.151,-0.156,0.069,0.167,0.134,0.095,110.173,0.263
relax,0.246,0.513,7.155,144.558,2.431,0.366,0.611,0.066,0.166,0.167,0.136,0.079,0.028,-0.058,0.033,0.063,-0.296,1545.974,0.093
relax,0.222,0.556,7.344,68.658,3.213,0.805,0.612,0.598,0.065,0.325,-0.09,0.026,-0.289,-0.13,-0.158,0.054,-0.117,752.047,0.005
relax,0.071,0.529,5.49,116.302,1.602,-0.129,0.238,-0.289,-0.027,-0.065,-0.012,-0.042,-0.108,0.084,-0.034,0.004,0.051,180.166,0.09
relax,0.063,0.652,6.282,72.059,4.829,-0.323,0.844,-0.124,0.549,-0.142,0.238,-0.185,-0.033,-0.153,-0.122,-0.095,0.014,71.955,0.244
relax,0.125,0.546,5.938,70.815,1.699,0.753,1.068,-0.09,0.157,-0.092,-0.205,-0.186,-0.114,-0.146,0.149,0.189,0.149,544.329,0.092
relax,0.06,0.542,7.76,130.518,1.973,0.801,0.712,0.453,0.415,0.689,-0.056,-0.012,0.074,0.006,0.212,-0.216,-0.146,116.828,0.151
relax,0.102,0.532,5.944,98.804,4.464,0.357,0.068,-0.674,-0.3,-0.094,0.32,0.532,0.365,-0.022,-0.011,0.145,0.269,233.113,-0.133
relax,0.198,0.593,6.184,146.344,4.103,0.347,0.59,0.205,0.162,0.654,-0.187,0.636,-0.074,-0.045,-0.315,0.178,-0.075,654.388,0.363
relax,0.075,0.487,7.976,101.482,3.494,-0.271,1.39,0.329,0.23,-0.133,-0.14,0.08,0.077,0.078,-0.288,-0.334,-0.145,59.36,0.26
relax,0.184,0.589,8.807,103.952,2.284,0.644,0.599,0.007,0.344,0.093,0.325,0.105,0.069,0.036,-0.028,0.256,0.077,800.582,-0.014
relax,0.097,0.542,10.02,134.029,3.361,1.153,0.726,-0.087,0.448,0.179,0.183,0.299,-0.07,0.137,0.051,0.228,0.201,138.715,-0.023
relax,0.068,0.613,6.287,176.032,2.718,1.937,0.77,0.323,0.658,-0.128,0.344,-0.001,-0.063,-0.006,-0.177,0.043,0.122,51.382,0.3
relax,0.127,0.508,9.588,179.476,3.067,0.174,0.157,0.522,0.508,-0.091,0.078,-0.177,-0.112,0.142,0.284,0.24,0.132,373.142,0.387
relax,0.135,0.552,8.34,93.954,3.861,0.538,0.627,0.259,0.033,0.181,0.08,-0.273,-0.302,-0.029,-0.014,-0.081,0.068,186.8,-0.006
relax,0.1,0.548,5.388,164.528,3.062,0.901,0.978,0.469,0.247,0.144,0.19,0.2,0.152,0.09,-0.002,0.045,0.123,233.732,-0.03
relax,0.12,0.527,7.724,130.318,4.844,0.203,0.907,0.064,0.107,-0.192,0.049,0.077,0.286,0.086,-0.045,0.207,0.072,363.099,0.39
relax,0.155,0.66,6.354,77.051,2.537,-0.063,0.604,0.24,0.367,0.034,0.061,-0.043,-0.004,0.139,0.121,0.067,-0.017,335.184,0.033
relax,0.123,0.515,6.565,168.286,1.946,1.365,0.614,0.438,0.066,0.132,0.079,0.236,0.019,0.166,0.103,0.019,-0.131,430.145,0.358
relax,0.139,0.532,9.537,80.208,2.548,0.787,0.287,-0.239,-0.142,-0.18,0.068,0.299,0.218,0.246,-0.076,-0.148,-0.024,327.001,0.123
relax,0.098,0.529,9.942,96.391,2.626,0.425,-0.029,0.26,0.451,0.232,-0.287,-0.022,-0.213,0.311,0.123,-0.204,0.209,166.456,0.194
relax,0.055,0.662,10.837,69.775,1.97,0.26,0.053,0.537,0.591,0.467,-0.017,-0.054,0.272,-0.007,0.012,-0.176,-0.21,20.982,0.089
relax,0.06,0.537,6.921,116.1,4.641,0.319,0.702,0.248,0.406,0.052,0.256,0.113,-0.084,-0.013,-0.196,-0.035,0.214,91.262,-0.141
relax,0.186,0.564,5.879,101.341,2.16,0.656,0.76,0.27,0.3,-0.113,0.023,0.124,0.097,0.027,0.083,0.089,-0.03,918.3,0.16
relax,0.129,0.593,6.686,55.319,2.524,0.04,0.119,0.277,0.135,0.219,-0.034,0.213,0.227,-0.123,0.037,0.044,0.129,466.864,0.264
relax,0.102,0.534,8.958,93.376,1.893,0.726,0.988,0.238,0.186,-0.093,0.277,-0.114,-0.07,-0.09,0.043,0.038,-0.014,244.724,0.34
relax,0.134,0.553,9.297,76.74,2.344,-0.081,0.322,-0.003,-0.143,-0.234,0.245,-0.05,-0.133,-0.221,-0.238,-0.218,-0.128,336.35,0.015
relax,0.083,0.543,6.055,179.056,3.316,-0.212,0.312,-0.401,0.175,0.165,-0.042,-0.194,-0.306,-0.107,0.343,0.163,0.039,154.327,0.426
relax,0.177,0.549,7.448,120.741,3.501,0.07,0.271,-0.038,0.212,-0.041,-0.05,0.221,-0.008,0.244,0.113,0.136,0.119,481.229,0.292
relax,0.085,0.607,8.487,144.257,2.057,0.599,-0.218,-0.526,0.472,0.469,-0.092,0.254,0.038,0.165,-0.132,-0.347,-0.157,186.367,0.15
relax,0.124,0.463,6.072,67.702,3.43,-0.659,-0.067,0.122,0.388,0.31,0.362,0.476,0.228,0.019,-0.02,-0.058,-0.131,267.331,-0.096
relax,0.109,0.575,6.613,188.335,3.106,1.411,0.285,0.308,0.102,-0.322,-0.196,-0.375,-0.286,-0.393,0.046,0.131,0.176,101.672,0.105
relax,0.158,0.51,6.03,74.154,2.601,-0.06,0.27,0.207,0.368,0.121,0.341,-0.154,0.125,0.022,0.043,0.108,-0.054,331.031,0.067
relax,0.22,0.584,7.913,90.285,2.069,0.68,0.499,0.227,0.347,0.009,0.041,0.108,0.003,0.016,0.094,0.194,0.038,1038.096,0.135
relax,0.136,0.434,5.593,100.959,3.131,-1.088,0.427,-0.051,-0.272,-0.022,-0.162,0.026,0.115,0.135,0.323,0.197,0.108,425.328,0.574
relax,0.136,0.434,5.593,100.959,3.131,-1.088,0.427,-0.051,-0.272,-0.022,-0.162,0.026,0.115,0.135,0.323,0.197,0.108,425.328,0.574
relax,0.077,0.637,9.556,83.788,2.888,-0.216,0.603,-0.018,0.185,0.047,-0.347,0.156,0.279,0.141,0.044,-0.17,0.065,66.71,0.178
relax,0.093,0.543,10.126,182.092,2.581,1.037,0.571,-0.187,0.137,-0.193,0.069,-0.431,-0.083,-0.054,0.122,0.153,0.25,174.574,0.446
relax,0.11,0.559,7.238,58.63,2.695,0.234,0.292,0.093,0.229,-0.041,0.005,0.088,0.179,-0.089,-0.179,-0.418,-0.302,247.823,0.318
relax,0.128,0.556,8.56,92.829,2.431,0.757,0.704,-0.127,0.119,-0.292,-0.038,0.028,-0.142,-0.195,0.051,-0.101,-0.058,250.215,0.309
relax,0.066,0.524,6.382,130.709,3.171,-0.282,-0.065,-0.23,-0.026,0.288,0.477,0.223,-0.093,-0.173,-0.138,-0.124,-0.043,75.209,0.216
relax,0.059,0.585,15.541,103.953,5.161,0.483,0.276,0.262,-0.173,-0.004,-0.097,-0.081,0.18,0.211,0.127,0.044,-0.212,47.839,-0.28
relax,0.059,0.585,15.541,103.953,5.161,0.483,0.276,0.262,-0.173,-0.004,-0.097,-0.081,0.18,0.211,0.127,0.044,-0.212,47.839,-0.28
relax,0.167,0.63,8.212,54.967,2.97,1.294,0.585,0.262,0.133,-0.274,0.138,-0.123,0.031,-0.203,-0.106,-0.132,-0.127,328.878,0.006
relax,0.026,0.64,7.711,68.736,4.958,-0.007,0.998,0.58,0.084,0.052,-0.02,-0.098,0.165,0.51,0.097,-0.008,0.536,2.772,0.018
relax,0.169,0.566,6.666,88.031,3.039,0.708,0.432,0.524,0.579,0.012,-0.253,0.013,-0.331,-0.101,-0.262,-0.339,0.106,468.716,-0.045
relax,0.244,0.532,6.237,121.142,2.548,-0.51,0.764,-0.043,0.09,-0.29,0.053,0.252,-0.26,0.131,0.213,0.136,-0.286,1084.9,-0.01
relax,0.06,0.55,8.114,153.513,2.996,0.866,0.333,0.166,0.049,-0.143,0.078,0.239,0.101,-0.096,-0.069,0.065,0.032,72.273,0.148
relax,0.138,0.578,6.464,59.927,2.827,0.391,0.187,0.127,0.091,0.012,0.311,0.085,0.262,-0.058,0.043,0.022,-0.059,290.716,0.108
relax,0.138,0.578,6.464,59.927,2.827,0.391,0.187,0.127,0.091,0.012,0.311,0.085,0.262,-0.058,0.043,0.022,-0.059,290.716,0.108
relax,0.114,0.558,9.05,165.005,1.823,0.294,0.62,0.134,0.124,-0.257,-0.101,0.085,0.207,0.043,-0.166,0.124,0.168,369.295,0.273
relax,0.186,0.559,7.668,115.097,2.5,1.46,0.714,0.061,0.502,0.068,-0.296,-0.142,0.104,-0.417,0.122,-0.142,-0.014,658.714,0.127
relax,0.133,0.486,9.919,112.281,1.898,0.682,0.7,0.675,0.339,0.105,0.077,0.225,0.103,0.018,0.112,0.176,0.011,501.195,0.315
relax,0.204,0.494,9.673,165.821,2.285,0.56,0.977,-0.002,0.137,-0.002,0.101,-0.005,-0.066,-0.066,0.022,0.141,0.084,900.87,0.155
relax,0.06,0.512,8.525,135.834,2.419,0.722,0.805,0.563,0.607,0.225,0.16,0.106,-0.057,-0.144,0.002,-0.182,-0.016,93.563,0.072
relax,0.041,0.541,6.149,109.215,2.961,0.9,0.169,0.417,0.178,0.179,0.393,0.079,-0.13,-0.285,-0.148,0.132,0.246,34.631,0.515
relax,0.142,0.545,6.69,133.558,2.352,-0.307,0.326,0.148,0.33,0.199,-0.025,-0.125,-0.006,-0.022,0.102,0.047,0.097,609.163,0.092
relax,0.152,0.489,6.892,102.213,3.942,0.563,0.5,-0.035,0.448,0.05,0.076,-0.008,-0.15,0.044,0.058,0.021,0.117,668.923,0.251
relax,0.081,0.562,7.025,167.535,2.854,1.02,0.868,0.369,0.345,0.072,0.019,0.093,0.104,0.2,0.018,0.085,0.266,120.26,0.073
relax,0.08,0.558,6.424,129.39,3.653,0.138,0.457,-0.629,-0.29,-0.259,-0.089,0.297,0.453,0.346,0.146,0.127,0.079,126.695,0.249
relax,0.077,0.605,9.572,123.1,2.496,-0.45,0.079,0.578,0.379,0.347,0.026,-0.005,0.277,0.182,0.013,0.14,-0.106,95.713,0.296
relax,0.278,0.568,7.245,125.846,2.532,0.675,0.805,0.262,0.484,0.253,0.136,0.007,0.123,0.157,-0.027,-0.08,-0.069,2164.934,0.279
relax,0.054,0.531,8.957,167.598,2.505,0.739,0.744,0.176,0.441,0.359,0.282,0.228,0.189,0.214,0.054,0.151,0.069,74.391,-0.075
relax,0.031,0.64,6.341,109.36,1.726,0.468,0.631,0.487,0.514,0.489,0.073,0.197,-0.054,0.203,0.159,0.045,0.196,24.192,0.476
relax,0.055,0.676,6.988,144.101,3.204,0.462,1.059,0.257,0.399,0.491,0.385,0.152,0.03,-0.01,-0.144,0.038,0.075,31.84,0.18
relax,0.084,0.56,8.45,52.81,3.017,0.482,0.686,-0.083,0.368,0.512,-0.01,-0.005,0.012,0.017,0.244,-0.009,0.127,126.163,-0.012
relax,0.066,0.555,7.844,101.544,2.889,0.507,0.937,0.279,0.346,0.387,0.044,0.143,-0.22,0.189,-0.053,-0.066,0.213,89.59,-0.017
relax,0.101,0.526,5.742,98.662,4.46,0.396,0.065,-0.668,-0.277,-0.062,0.343,0.468,0.126,-0.111,0.029,0.188,0.317,225.903,-0.214
relax,0.133,0.522,6.745,113.234,2.58,-0.462,0.566,0.165,0.321,0.111,-0.1,-0.131,0.039,-0.131,0.059,-0.011,0.067,406.58,0.291
relax,0.063,0.662,6.718,87.795,2.121,0.407,0.627,-0.182,0.191,0.01,0.019,0.362,-0.083,-0.074,0.17,0.256,0.095,93.376,0.01
relax,0.101,0.536,17.573,93.378,1.889,0.725,0.977,0.223,0.196,-0.091,0.276,-0.111,-0.074,-0.083,0.044,0.033,-0.01,239.939,0.348
relax,0.033,0.614,6.758,121.423,3.603,0.392,-0.038,0.482,-0.224,-0.022,-0.076,0.264,0.041,0.269,-0.487,-0.286,-0.62,12.209,0.135
relax,0.077,0.639,9.551,83.795,2.879,-0.211,0.603,-0.019,0.183,0.049,-0.345,0.155,0.277,0.137,0.046,-0.171,0.066,67.721,0.162
relax,0.204,0.547,6.579,134.213,3.046,-0.494,0.242,-0.181,0.151,-0.12,-0.04,-0.179,-0.052,-0.005,-0.047,0.251,0.097,818.987,0.084
relax,0.06,0.549,8.454,159.879,3.081,0.809,0.356,0.178,0.062,-0.147,0.067,0.255,0.083,-0.101,-0.073,0.057,0.013,72.538,0.166
relax,0.135,0.473,10.157,112.205,1.832,0.76,0.691,0.669,0.358,0.101,0.076,0.232,0.11,0.022,0.114,0.184,0.018,518.699,0.285
relax,0.079,0.552,6.343,129.334,3.668,0.114,0.463,-0.641,-0.279,-0.258,-0.082,0.3,0.462,0.356,0.158,0.131,0.083,123.462,0.229
relax,0.15,0.567,7.828,52.932,2.611,0.73,0.494,-0.188,0.047,0.142,-0.199,0.153,-0.139,-0.191,-0.262,-0.104,-0.064,440.663,0.217
relax,0.183,0.557,8.738,108.364,3.288,0.174,0.213,0.199,0.111,-0.194,-0.029,-0.076,-0.132,-0.139,-0.028,0.015,0.159,733.194,0.238
relax,0.081,0.557,6.363,166.411,2.39,0.496,0.205,0.025,-0.013,-0.023,-0.025,-0.08,0.056,0.094,0.205,0.055,0.049,169.803,0.52
relax,0.236,0.549,6.706,106.013,2.806,0.512,0.356,0.036,0.422,0.041,0.165,0.129,0.112,0.088,0.083,0.084,0.193,1009.165,0.344
relax,0.146,0.505,7.078,151.635,3.461,-0.116,0.252,-0.087,0.567,0.131,0.116,0.121,-0.351,0.142,-0.034,0.065,-0.181,408.91,-0.128
happy,0.196,0.53,7.854,135.699,2.444,-0.002,0.259,0.123,0.145,0.054,0.018,0.017,-0.074,-0.026,0.083,-0.119,-0.022,687.145,0.007
happy,0.196,0.53,7.854,135.699,2.444,-0.002,0.259,0.123,0.145,0.054,0.018,0.017,-0.074,-0.026,0.083,-0.119,-0.022,687.145,0.007
happy,0.115,0.549,8.757,107.555,1.935,-0.288,1.134,0.153,0.119,0.02,0.059,0.127,-0.012,0.121,0.158,0.139,0.058,369.749,0.095
happy,0.284,0.621,8.827,98.011,1.494,0.45,0.202,0.201,0.251,-0.044,0.014,0.037,-0.006,0.125,0.23,0.107,0.114,1421.176,-0.052
happy,0.133,0.534,7.576,164.25,1.137,-0.152,0.631,-0.361,0.442,-0.086,-0.041,0.291,-0.147,0.029,0.037,-0.03,0.009,767.316,0.05
happy,0.215,0.573,6.649,130.331,2.316,0.065,0.48,0,0.141,0.068,-0.006,-0.051,0.026,0.137,0.041,0.072,0.031,1041.674,0.236
happy,0.168,0.604,7.628,192.277,1.894,0.215,0.269,0.089,0.1,0.019,-0.001,0.088,0.135,0.206,0.066,-0.077,-0.004,459.201,0.32
happy,0.079,0.533,5.374,102.022,1.509,-0.439,0.612,-0.55,0.156,-0.068,0.082,-0.152,-0.001,0.203,0.096,0.031,0.047,371.021,0.041
happy,0.239,0.497,8.529,105.939,1.795,0.411,0.117,-0.137,0.225,-0.356,0.113,0.016,-0.05,0.111,0.023,0.209,0.033,1998.171,0.135
happy,0.065,0.537,6.709,96.86,1.98,0.156,0.525,-0.075,-0.059,0.079,0.449,0.304,-0.034,-0.095,0.058,-0.193,-0.198,88.295,0.153
happy,0.077,0.552,7.346,189.398,2.332,0.214,0.324,0.19,0.076,0.083,0.183,0.062,0.029,0.061,0.062,-0.007,-0.002,226.424,0.064
happy,0.222,0.565,7.911,101.969,2.051,0.069,0.304,0.034,-0.006,-0.01,-0.106,0.136,-0.088,0.019,0.24,0.153,0.154,1276.603,0.236
happy,0.132,0.537,6.849,193.967,1.509,0.156,-0.071,0.176,0.379,0.075,0.074,-0.109,0.054,0.142,0.15,-0.041,-0.042,539.472,0.171
happy,0.112,0.631,9.247,108.028,1.418,-0.533,0.279,-0.243,0.078,-0.029,-0.036,0.139,0.036,0.136,0.15,0.039,0.012,203.745,-0.044
happy,0.108,0.573,6.77,79.967,2.263,-0.564,0.622,0.073,0.252,0.026,0.009,-0.103,-0.047,-0.034,0.03,0.033,0.058,389.512,0.006
happy,0.167,0.582,7.888,189.594,2.189,0.42,0.44,0.148,0.54,0.215,-0.003,0.004,0.05,0.128,-0.033,0.116,0.183,781.934,-0.236
happy,0.168,0.473,6.334,94.38,2.127,0.42,0.953,0.282,0.286,0.204,-0.407,0.096,-0.213,-0.194,0.039,0.088,0.22,404.469,0.007
happy,0.151,0.578,7.055,144.526,2.056,-0.1,0.442,-0.121,0.085,-0.271,0.398,0.105,-0.062,-0.067,0.085,0.044,-0.332,395.602,0.062
happy,0.25,0.629,10.962,117.015,2.292,-0.017,-0.082,0.361,-0.065,-0.093,0.128,0.168,-0.144,-0.055,-0.047,-0.113,-0.033,761.875,-0.079
happy,0.117,0.561,6.039,150.534,1.974,0.514,0.462,0.068,0.181,0.022,-0.089,0.084,-0.066,0.237,0.181,-0.018,-0.04,406.817,0.087
happy,0.108,0.48,5.592,147.388,1.756,-1.048,1.026,-0.697,0.161,0.133,-0.069,-0.015,0.341,-0.041,0.131,0.059,0.111,634.23,0
happy,0.065,0.537,6.668,122.192,1.92,-0.41,0.415,-0.102,0.255,-0.053,-0.146,-0.202,-0.213,-0.233,0.025,0.252,0.277,122.245,0.056
happy,0.086,0.614,7.241,133.204,1.075,-0.089,0.415,0.163,0.374,0.073,0.088,-0.118,-0.02,0.042,0.01,0.049,0.058,416.606,0.101
happy,0.155,0.481,7.382,102.87,1.231,-0.166,0.58,-0.287,0.386,-0.157,0.032,0.158,-0.139,0.081,0.011,-0.019,-0.022,1639.517,-0.304
happy,0.282,0.517,5.832,146.351,1.78,-0.17,0.253,-0.074,-0.099,-0.079,-0.141,0.081,0.101,0.044,-0.132,-0.066,-0.082,3236.05,-0.264
happy,0.21,0.566,6.75,165.889,2.45,-0.262,0.641,-0.182,0.138,-0.078,0.137,0.147,-0.108,0.065,-0.196,-0.386,-0.084,830.228,0.282
happy,0.173,0.612,7.864,98.875,2.575,-0.022,0.303,0.198,0.193,0.032,-0.064,0.035,0.156,0.23,0.166,0.073,0.111,461.348,0.35
happy,0.27,0.455,8.767,122.054,2.558,0.491,0.913,0.234,-0.011,-0.173,0.062,-0.005,-0.124,-0.25,0.208,-0.067,0.059,1416.836,-0.057
happy,0.136,0.623,7.027,127.447,1.418,-0.32,0.248,-0.034,0.244,0.087,0.157,0.316,-0.037,0.005,-0.002,-0.012,0.095,891.42,0.001
happy,0.162,0.532,6.451,107.845,1.571,0.073,0.354,0.074,0.069,-0.138,-0.054,0.033,-0.093,0.131,0.148,0.129,0.112,854.994,0.135
happy,0.065,0.512,17.32,187.701,3.364,-0.87,1.301,-0.052,-0.069,0.359,-0.07,0.728,-0.573,0.407,-0.366,-0.125,-0.058,115.269,-0.102
happy,0.09,0.541,7.73,128.829,2.484,-0.537,0.435,0.123,0.244,0.013,-0.024,-0.168,-0.019,0.118,0.079,0.111,0.038,247.138,0.146
happy,0.122,0.534,6.952,116.554,1.282,-0.253,0.266,-0.072,0.235,-0.144,0.194,0.334,-0.009,-0.018,-0.122,-0.137,0.007,1056.306,0.268
happy,0.084,0.598,7.982,140.412,1.317,-0.203,0.347,0.078,0.322,0.038,0.165,0.025,0.048,0.051,0.078,-0.008,0.054,369.771,-0.048
happy,0.106,0.571,7.245,131.417,1.548,-0.375,0.633,-0.27,0.383,0.044,-0.067,0.277,-0.113,0.17,0.049,-0.048,0.081,444.239,-0.047
happy,0.078,0.614,6.699,106.611,1.384,0.109,0.34,-0.284,0.254,-0.123,0.09,-0.005,-0.092,0.174,0.255,-0.054,0.316,148.774,0.12
happy,0.11,0.449,16.172,51.957,1.995,-0.384,0.104,0.128,0.453,0.14,0.232,-0.117,-0.191,-0.2,-0.257,-0.122,-0.215,319.039,-0.449
happy,0.149,0.564,7.667,132.088,1.86,0.651,0.5,0.004,0.143,-0.185,-0.032,0.09,0.143,0.082,0.106,0.037,-0.043,400.77,0.042
happy,0.121,0.565,9.218,127.716,1.704,-0.016,0.417,0.091,0.157,-0.144,-0.12,0.033,-0.066,0.235,0.022,0.009,0.009,511.221,-0.114
happy,0.071,0.502,5.093,132.226,1.661,-0.269,0.503,-0.277,-0.033,-0.275,0.21,0.007,-0.059,-0.077,-0.044,-0.257,-0.361,220.082,0.139
happy,0.289,0.482,7.332,139.981,2.413,0.299,0.018,-0.428,0.224,0.083,-0.095,0.097,0.06,0.268,0.227,0.125,0.14,1281.621,-0.028
happy,0.258,0.594,9.083,123.99,1.362,0.207,0.364,0.123,0.052,-0.024,-0.001,0.161,0.156,0.082,0.027,-0.002,-0.088,1342.015,-0.201
happy,0.088,0.505,8.885,61.403,1.986,0.458,0.476,0.052,0.13,-0.169,-0.144,0.015,-0.074,-0.119,-0.104,0.065,-0.175,147.69,0.082
happy,0.169,0.527,8.209,103.281,2.075,0.241,0.363,0.191,0.051,0.042,-0.005,0.161,0.106,-0.063,0.084,0.014,0.014,1005.287,0.14
happy,0.107,0.607,6.177,100.29,1.505,0.031,0.406,0.274,0.229,0.206,0.039,-0.088,0.003,0.005,0.066,0.11,0.134,421.881,0.006
happy,0.106,0.53,7.375,125.978,2.182,-0.136,0.435,-0.008,0.326,0.011,-0.074,-0.003,-0.079,-0.017,-0.042,-0.148,-0.05,274.732,0.185
happy,0.139,0.702,5.776,146.969,1.824,0.193,-0.05,0.397,0.019,0.143,0.16,0.354,0.279,0.042,0.121,0.094,0.126,315.597,0.083
happy,0.183,0.547,6.09,133.848,2.062,-0.671,0.223,-0.13,0.112,-0.089,-0.025,0.067,0.094,0.176,-0.007,-0.101,0.011,1154.732,0.142
happy,0.211,0.573,8.662,129.953,1.628,0.482,0.226,-0.036,-0.117,-0.115,0.003,0.066,0.008,-0.02,-0.05,0.014,-0.063,682.893,-0.184
happy,0.067,0.503,5.682,127.108,0.658,0.446,0.429,-0.018,0.128,-0.194,0.335,0.096,0.355,0.176,0.11,0.118,-0.007,274.847,-0.195
happy,0.098,0.569,7.507,87.626,2.459,-0.586,0.434,0.142,0.227,0.013,-0.087,-0.106,-0.182,0.003,-0.019,-0.106,-0.104,277.225,0.068
happy,0.119,0.573,7.217,119.044,2.289,-0.79,0.62,0.205,-0.007,-0.252,-0.19,-0.163,-0.02,0.167,-0.015,0.09,0.228,372.237,0.244
happy,0.146,0.54,7.736,183.271,2.045,-0.137,0.34,0.022,0.128,0.024,0.135,0.028,0.208,0.136,0.186,-0.072,0.028,484.149,0.066
happy,0.125,0.519,7.091,114.608,1.321,-0.336,0.529,-0.233,0.407,-0.062,0.022,0.23,-0.117,-0.103,-0.033,-0.209,-0.005,787.298,0.292
happy,0.037,0.527,7.515,152.178,1.908,-0.213,0.217,0.041,0.246,-0.012,0.011,-0.115,-0.023,-0.096,0.231,0.077,0.142,38.261,0.108
happy,0.098,0.578,6.436,126.436,2.28,0.31,0.258,-0.026,0.033,-0.039,-0.013,-0.009,0.225,0.033,0.226,0.069,0.083,245.307,0.205
happy,0.157,0.539,6.693,100.931,2.514,0.339,0.142,-0.241,0.071,0.596,0.3,-0.02,-0.167,-0.179,0.087,0.099,0.155,548.053,0.054
happy,0.148,0.563,5.753,126.104,1.422,0.239,0.343,0.216,0.165,0.092,0.082,0.022,0.069,0.064,0.102,0.056,0.111,848.058,0.112
happy,0.213,0.489,6.601,99.928,1.958,0.373,0.259,-0.185,0.202,0.244,0.089,0.053,-0.009,-0.1,0.066,0.09,-0.082,1255.435,0.084
happy,0.089,0.609,5.541,123.717,1.573,-0.276,0.382,-0.191,0.203,-0.164,-0.043,-0.005,0.054,-0.079,0.19,0.161,-0.009,218.001,0.133
happy,0.134,0.504,7.431,101.493,1.718,-0.364,0.269,-0.194,0.028,0.101,-0.142,0.055,-0.196,-0.153,0.043,0.052,0.042,929.317,0.096
happy,0.253,0.512,7.062,118.032,2.507,-0.275,0.263,-0.272,0.139,-0.033,-0.424,-0.194,-0.046,0.133,0.167,0.212,0.234,953.01,0.032
happy,0.228,0.567,6.478,114.844,1.592,0.159,0.321,-0.162,0.313,0.123,-0.149,-0.015,0.145,0.228,0.2,0.048,0.023,2126.908,0.068
happy,0.225,0.523,5.862,104.126,2.61,-0.033,0.221,-0.158,0.194,0.184,-0.137,-0.007,-0.144,-0.048,0.04,-0.082,-0.066,1604.2,0.189
happy,0.122,0.527,7.185,134.473,1.709,-0.579,0.443,-0.165,-0.054,0.019,-0.114,0.323,0.27,0.039,0.026,-0.108,0.064,665.377,0.183
happy,0.07,0.703,7.986,105.143,2.113,0.284,0.186,0.069,0.31,0.158,0.169,-0.074,-0.289,-0.209,0.116,0.155,0.005,44.168,-0.07
happy,0.2,0.592,7.152,100.007,1.657,-0.197,0.019,0.132,-0.064,0.066,0.174,-0.017,0.125,0.048,0.04,-0.031,0.058,613.673,0.105
happy,0.143,0.576,6.187,119.189,2.152,0.262,-0.009,0.254,0.541,-0.088,0.32,0.165,0.098,-0.059,0.001,0.012,-0.136,242.328,-0.06
happy,0.077,0.552,7.346,189.398,2.332,0.214,0.324,0.19,0.076,0.083,0.183,0.062,0.029,0.061,0.062,-0.007,-0.002,226.424,0.064
happy,0.183,0.573,8.07,105.21,2.238,-0.168,0.409,0.187,0.288,0.193,0.013,0.078,-0.137,0.025,-0.016,-0.047,-0.019,670.481,-0.048
happy,0.231,0.554,5.705,138.937,2.524,0.467,0.288,-0.257,0.146,-0.003,-0.174,-0.07,-0.015,0.115,0.17,-0.015,0.081,1127.011,0.269
happy,0.165,0.534,5.742,139.218,1.518,-0.281,0.59,-0.112,0.476,-0.43,0.073,0.252,-0.055,0.114,-0.014,0.188,-0.034,963.344,-0.044
happy,0.189,0.574,8.899,93.439,3.008,-0.364,0.174,-0.348,0.468,-0.238,0.049,0.269,0.211,0.174,-0.089,-0.059,-0.058,1072.542,0.081
happy,0.158,0.531,9.462,108.272,2.166,-0.336,0.82,-0.279,0.194,-0.151,-0.423,0.277,-0.025,0.091,0.29,0.314,0.112,572.338,-0.119
happy,0.265,0.547,7.103,112.013,2.121,0.23,0.234,0.173,0.072,0.004,0.051,0.047,-0.054,0.02,0.23,0.131,0.065,1540.367,0.04
happy,0.237,0.473,7.17,144.314,2.05,-0.162,0.32,-0.002,0.008,-0.051,-0.066,0.006,-0.013,-0.051,-0.034,-0.031,-0.113,2234.113,-0.139
happy,0.299,0.559,8.023,109.1,1.724,-0.278,0.207,-0.125,0.01,-0.411,-0.141,-0.055,-0.035,-0.251,-0.151,0.066,0.277,1704.497,0.005
happy,0.12,0.526,16.531,127.988,2.29,-0.638,0.325,-0.001,0.243,0.041,-0.123,-0.129,-0.133,0.154,-0.02,0.039,0.043,464.729,0.155
happy,0.143,0.583,7.55,98.375,1.758,-0.024,0.224,-0.114,0.272,-0.123,-0.178,-0.06,-0.217,0.147,0.218,0.21,0.156,957.68,0.174
happy,0.128,0.483,7.538,86.957,1.672,0.242,0.317,0.212,0.2,0.228,0.15,0.041,0.147,0.108,0.067,0.014,-0.045,547.723,-0.141
happy,0.152,0.58,8.058,155.312,1.666,0.069,0.165,-0.374,0.356,-0.213,0.017,0.37,0.04,-0.109,-0.204,-0.173,-0.024,517.942,-0.078
happy,0.102,0.613,7.041,77.958,1.525,-0.51,0.249,-0.287,0.087,-0.196,-0.22,0.055,-0.056,0.058,0.019,-0.025,-0.034,420.395,0.367
happy,0.161,0.589,7.189,167.415,2.763,0.237,0.626,0.372,0.051,-0.231,-0.261,0.094,-0.137,-0.167,0.002,0.22,0.148,476.697,0.001
happy,0.169,0.518,4.918,101.964,1.479,-0.18,0.5,0.03,0.257,-0.05,0.073,0.072,-0.041,-0.199,0.139,0.068,0.016,1436.733,0.03
happy,0.082,0.602,9.634,133.372,1.731,0.289,-0.099,-0.308,0.011,-0.016,0.07,0.019,0.002,0.076,0.164,0.053,0.077,166.095,0.003
happy,0.104,0.552,6.996,129.252,2.234,-0.119,0.154,-0.299,0.148,0.115,0.183,0.143,-0.088,0.092,-0.048,-0.032,-0.178,325.112,0.314
happy,0.051,0.605,6.38,158.544,1.171,-0.219,0.124,-0.075,0.247,-0.033,-0.075,-0.037,0.104,-0.02,-0.07,-0.214,-0.174,91.937,0.253
happy,0.103,0.506,7.482,142.435,2.402,-0.768,0.327,0.019,0.235,-0.054,-0.265,-0.138,-0.111,0.243,0.134,0.079,0.079,338.026,0.126
happy,0.117,0.546,16.487,104.651,2.438,-0.684,0.496,-0.11,-0.019,-0.157,-0.009,0.205,0.191,-0.121,-0.233,0.023,0.116,386.45,-0.006
happy,0.117,0.546,16.487,104.651,2.438,-0.684,0.496,-0.11,-0.019,-0.157,-0.009,0.205,0.191,-0.121,-0.233,0.023,0.116,386.45,-0.006
happy,0.133,0.571,6.358,159.012,2.31,-0.728,0.431,-0.055,0.172,-0.122,-0.133,0.022,0.273,0.136,-0.07,-0.07,-0.057,365.785,0.03
happy,0.143,0.505,6.927,58.131,1.964,-0.512,0.378,0.051,0.047,-0.232,0.056,0.116,0.04,0.045,0.021,-0.217,-0.214,662.67,0.06
happy,0.143,0.505,6.927,58.131,1.964,-0.512,0.378,0.051,0.047,-0.232,0.056,0.116,0.04,0.045,0.021,-0.217,-0.214,662.67,0.06
happy,0.127,0.546,17.793,101.164,2.324,-0.783,0.476,0.249,0.16,-0.062,-0.03,-0.107,-0.122,0.049,0.122,0.173,0.096,487.81,0.255
happy,0.124,0.574,7.323,100.061,2.182,0.244,0.374,-0.113,0.133,0.134,0.08,0.139,0.175,0.077,0.19,0.157,0.047,445.17,0.069
happy,0.07,0.591,6.078,142.001,1.242,0.142,0.006,0.101,0.034,0.211,0.207,-0.118,-0.012,0.091,0.064,0.138,0.172,227.615,0.114
happy,0.147,0.532,6.881,129.671,1.89,-0.554,0.458,0.049,0.087,-0.081,0,-0.186,-0.173,0.025,0.097,0.172,0.205,761.277,-0.03
happy,0.131,0.542,7.565,168.861,2.488,-0.023,0.512,0.043,0.247,-0.041,-0.177,-0.043,-0.148,0.108,0.018,0.012,-0.051,347.14,-0.031
happy,0.22,0.637,7.622,187.45,1.961,0.332,0.374,0.16,-0.021,0.257,0.16,-0.074,-0.028,0.044,0.068,0.05,0.128,936.505,0.077
happy,0.153,0.585,8.114,120.08,1.188,-2.033,0.72,0.094,-0.145,-0.126,0.17,-0.211,0.184,-0.085,0.104,0.319,0.092,707.551,-0.004
sad,0.203,0.467,10.08,108.399,2.653,0.961,0.815,-0.016,0.153,0.027,0.03,0.135,0.149,0.117,0.037,0.054,-0.021,668.176,-0.184
sad,0.173,0.562,7.058,102.591,2.174,0.512,0.176,0.453,-0.21,-0.171,0.266,-0.288,-0.133,0.124,-0.018,0.018,-0.056,841.757,0.163
sad,0.085,0.58,6.134,194.37,5.996,-0.501,0.25,-0.34,1.055,0.235,0.298,-0.168,0.206,0.011,0.064,-0.009,0.161,214.023,0.115
sad,0.076,0.594,6.458,168.977,2.894,0.059,0.698,0.159,0.457,0.073,0.381,-0.052,0.133,0.166,0.206,0.081,0.004,141.774,0.066
sad,0.066,0.573,9.697,111.035,4.583,0.903,0.168,-0.042,0.242,0.153,-0.044,-0.226,0.146,0.003,-0.024,0.119,0.106,43.935,0.048
sad,0.129,0.537,7.768,131.301,3.245,0.068,0.445,0.151,0.397,0.417,0.012,0.006,0.092,-0.061,-0.159,-0.049,-0.175,245.993,-0.022
sad,0.071,0.608,7.452,161.547,2.06,0.26,0.058,-0.276,0.224,-0.239,0.435,0.337,0.211,0.464,-0.195,-0.043,-0.051,66.106,-0.022
sad,0.105,0.502,8.985,159.882,1.896,-0.75,0.068,-0.093,-0.091,0.174,0.117,-0.046,-0.283,-0.544,0.262,-0.034,0.151,200.249,0.433
sad,0.061,0.499,6.575,104.679,2.864,-0.386,0.268,-0.012,0.089,0.002,0.338,0.021,0.055,-0.12,-0.045,-0.164,-0.134,91.878,0.584
sad,0.101,0.582,6.039,110.47,1.932,-0.104,0.209,-0.173,0.336,0.022,0.364,-0.003,-0.176,0.009,0.107,-0.174,-0.009,183.021,0.051
sad,0.115,0.568,6.193,133.742,4.521,-0.748,0.359,-0.205,0.073,-0.181,0.065,-0.037,-0.042,0.035,-0.049,0.03,0.034,282.839,-0.332
sad,0.188,0.537,6.337,95.104,1.985,-0.879,0.611,-0.548,-0.145,-0.115,-0.288,-0.063,-0.046,0.366,-0.035,0.035,-0.431,1368.48,0.164
sad,0.127,0.57,7.103,86.642,3.081,-0.898,0.636,-0.455,0.283,-0.086,0.056,-0.004,-0.134,-0.215,-0.059,-0.237,-0.075,329.138,0.094
sad,0.205,0.553,5.976,127.83,2.836,-0.603,0.504,-0.09,0.27,0.066,-0.118,0.089,0.198,-0.119,-0.12,0.14,-0.108,1081.124,0.117
sad,0.186,0.618,6.65,183.023,2.389,0.139,0.49,-0.016,0.108,0.069,0.1,0.152,0.016,-0.086,-0.058,-0.074,0.057,745.346,0.361
sad,0.078,0.53,5.35,164.506,1.665,-0.027,0.342,-0.24,0.11,0.07,0.224,-0.013,-0.044,0.03,-0.107,-0.036,0.057,141.127,0.342
sad,0.1,0.558,6.037,53.032,3.319,-3.484,1.054,-1.636,-0.216,-0.916,-0.105,0.285,-0.468,-0.057,-0.196,0.269,-0.376,306.191,-0.221
sad,0.021,0.652,7.517,160.425,2.006,1.197,0.047,0.333,0.545,-0.243,0.346,-0.092,0.429,0.18,0.096,0.008,0.26,5.659,-0.011
sad,0.061,0.623,8.072,117.641,2.6,-0.558,0.251,0.087,0.031,-0.442,-0.115,-0.124,0.342,0.152,0.31,0.259,-0.011,32.797,0.378
sad,0.085,0.585,6.934,184.297,2.479,0.629,0.413,-0.126,0.142,-0.046,0.237,0.125,0.318,0.149,0.251,0.06,0.081,159,0.137
sad,0.153,0.554,7.169,48.284,2.613,-0.63,0.8,-0.229,-0.358,-0.545,-0.188,-0.377,-0.4,-0.358,-0.062,0.199,0.178,41.648,-0.048
sad,0.222,0.559,6.652,115.371,2.613,-0.265,0.531,0.103,0.114,-0.402,-0.039,-0.014,0.095,0.168,0.226,0,-0.125,1052.604,0.263
sad,0.051,0.556,7.467,176.701,1.877,0.283,0.552,0.191,0.274,0.141,-0.005,0.138,0.23,-0.103,-0.092,-0.188,-0.131,55.388,0.17
sad,0.19,0.516,6.481,109.044,3.194,0.135,0.832,0.012,0.197,0.49,0.185,-0.116,0.067,0.099,-0.173,-0.251,-0.312,842.793,0.103
sad,0.162,0.531,5.705,117.892,3.028,0.313,0.345,-0.021,0.256,-0.078,-0.017,0.137,0.137,0.244,0.031,-0.189,-0.08,667.276,0.175
sad,0.045,0.607,7.843,77.842,2.308,0.955,0.309,-0.765,0.27,0.261,0.4,-0.134,0.004,0.156,-0.081,0.146,0.028,31.318,0.064
sad,0.14,0.546,7.535,109.062,3.039,0.584,0.242,0.341,0.059,-0.049,0.073,-0.079,-0.038,-0.034,0.188,0.009,-0.093,367.68,-0.145
sad,0.211,0.545,7.798,103.229,1.71,-0.529,0.515,-0.308,-0.045,-0.63,-0.156,-0.195,-0.235,-0.408,-0.086,-0.038,0.153,1411.754,-0.075
sad,0.054,0.542,6.488,150.939,2.908,-0.203,0.403,0.035,0.314,0.217,-0.154,0.246,-0.3,0.095,0.16,0.154,-0.033,59.02,-0.026
sad,0.043,0.594,7.232,80.272,2.503,0.474,0.322,-0.313,0.154,-0.068,0.074,-0.004,0.434,0.068,0.166,0.061,0.115,30.51,0.131
sad,0.104,0.622,7.782,76.331,2.242,0.489,0.901,-0.013,0.007,-0.032,0.352,0.091,0.057,0.331,0.088,0.06,-0.017,78.066,0.082
sad,0.081,0.542,5.986,134.724,3.327,-0.644,0.965,-0.125,0.489,0.153,0.203,0.047,0.111,-0.04,-0.144,0.099,0.184,122.432,-0.075
sad,0.01,0.623,9.032,109.959,3.501,-0.497,0.424,-0.234,-0.211,0.074,0.476,0.027,0.226,-0.047,0.022,0.282,0.195,0.941,0.216
sad,0.18,0.555,6.867,161.998,3.966,0.345,0.489,0.418,0.248,0.341,-0.062,-0.321,-0.036,0.147,-0.034,-0.285,-0.229,527.96,-0.127
sad,0.195,0.607,5.965,168.554,2.952,0.497,0.717,-0.114,-0.242,-0.124,0.112,-0.185,-0.002,0.23,0.212,0.213,0.159,872.198,0.129
sad,0.137,0.514,6.139,105.217,2.077,0.205,0.396,-0.305,-0.158,0.075,0.049,-0.011,-0.003,0.007,0.05,0.002,-0.128,595.033,0.007
sad,0.161,0.602,6.609,179.617,3.2,-0.119,0.482,0.213,0.158,0.296,0.018,-0.045,-0.126,-0.311,-0.105,0.046,-0.1,469.713,-0.034
sad,0.065,0.637,8.337,103.871,2.421,0.908,0.638,0.022,0.474,0.15,0.021,0.108,0.258,0.086,0.051,-0.005,-0.004,52.582,0.118
sad,0.087,0.5,7.004,134.23,3.041,-0.036,0.69,0.488,0.341,0.214,0.305,0.37,0.186,-0.107,-0.092,-0.02,0.122,139.744,0.208
sad,0.082,0.503,5.449,168.159,1.599,-0.075,0.097,0.214,-0.013,0.196,0.238,0.144,0.188,-0.028,-0.092,-0.137,-0.134,255.83,0.175
sad,0.189,0.549,5.691,157.216,3.311,-0.424,0.515,0.033,0.218,-0.025,0.229,0.191,0.163,0,0.072,-0.257,-0.185,781.446,-0.095
sad,0.013,0.606,8.1,66.23,3.092,0.15,-0.155,0.071,0.056,0.051,0.09,-0.054,-0.077,-0.163,-0.028,-0.093,-0.176,1.338,0.137
sad,0.092,0.505,5.273,142.603,2.859,-0.474,0.288,-0.44,0.399,-0.336,-0.14,0.102,-0.147,-0.106,0.324,-0.032,0.078,232.804,-0.086
sad,0.138,0.458,6.081,166.818,3,-0.197,0.343,-0.258,0.098,-0.303,-0.099,-0.241,-0.085,-0.184,-0.094,-0.214,-0.294,271.257,-0.122
sad,0.049,0.64,7.335,163.412,2.425,-0.329,0.745,-0.251,0.056,0.004,0.271,-0.189,-0.088,-0.477,-0.37,-0.045,0.079,13.121,-0.322
sad,0.159,0.528,5.636,168.642,2.448,-0.207,0.215,-0.356,-0.261,-0.25,0.044,0.083,0.1,0.123,0.079,0.031,0.041,392.964,0.12
sad,0.146,0.523,5.642,76.206,2.27,-0.959,0.696,-0.418,-0.144,0.138,0.071,0.037,-0.038,0.076,0.016,0.023,0.003,536.478,-0.165
sad,0.146,0.522,5.612,76.09,2.258,-0.947,0.697,-0.43,-0.122,0.116,0.089,0.019,-0.022,0.063,0.025,0.02,0.001,515.277,-0.155
sad,0.114,0.518,6.493,115.638,3.341,-0.588,0.42,0.353,0.373,0.277,0.306,0.11,-0.025,0.048,-0.064,-0.008,0.039,241.256,0.126
sad,0.058,0.527,6.4,115.529,3.293,-0.708,0.344,0.411,0.343,0.207,0.243,0.105,-0.06,-0.046,-0.096,0.029,0.006,59.152,0.159
sad,0.052,0.582,7.254,68.173,2.934,0.162,0.249,-0.034,0.311,0.112,0.197,-0.002,-0.105,0.354,0.059,0.193,0.132,56.706,0.033
sad,0.23,0.549,5.453,103.375,2.584,0.234,0.3,-0.263,-0.09,-0.119,0.086,0.168,0.232,0.101,-0.028,-0.143,-0.089,1323.155,0.24
sad,0.176,0.613,7.032,137.497,2.014,-0.17,0.119,0.129,0.402,0.263,0.028,-0.318,-0.254,-0.056,0.098,0.027,0.1,650.816,0.049
sad,0.176,0.572,7.835,97.748,3.039,0.808,0.55,0.196,0.08,0.084,0.099,0.127,-0.037,-0.085,0.034,-0.009,-0.013,535.701,-0.244
sad,0.052,0.491,10.012,114.614,3.385,-1.347,0.67,0.568,0.029,-0.043,0.089,-0.232,-0.621,-0.21,-0.196,0.172,-0.171,11.052,-0.284
sad,0.155,0.544,7.06,163.456,2.355,-0.492,0.207,-0.147,0.062,-0.024,0.177,0.172,0.196,-0.194,-0.162,-0.078,-0.102,647.591,0.034
sad,0.191,0.577,7.858,164.08,3.403,-0.445,0.698,-0.191,-0.034,0.095,0.11,0.254,0.016,-0.028,-0.309,-0.245,-0.39,522.966,0.208
sad,0.023,0.574,9.466,92.746,3.248,-0.104,0.329,-0.289,-0.087,0.183,0.116,-0.102,0.046,-0.066,0.043,0.052,-0.233,10.175,-0.101
sad,0.07,0.565,8.01,122.246,2.146,0.758,0.599,-0.084,0.044,0.155,-0.094,0.123,-0.127,-0.195,0.022,0.124,0.115,91.922,-0.089
sad,0.223,0.546,6.073,155.885,2.747,-0.198,0.083,0.032,0.056,0.026,-0.014,0.111,0.017,-0.081,-0.014,-0.123,-0.058,1344.517,-0.043
sad,0.106,0.559,7.986,104.271,2.774,0.1,0.993,0.176,0.029,-0.245,0.066,0.039,0.248,0.128,-0.074,0,0.164,254.121,0.344
sad,0.136,0.65,7.496,148.779,3.429,0.717,0.452,-0.021,0.144,0.088,-0.045,0.333,0.115,0.175,-0.007,0.154,0.284,201.434,-0.035
sad,0.096,0.639,5.918,114.38,2.339,-0.283,0.615,-0.006,0.501,-0.261,-0.027,0.091,0.295,0.049,0.049,0.205,0.136,224.485,0.261
sad,0.089,0.51,6.718,138.783,2.674,-0.6,0.235,0.133,0.498,0.193,0.217,0.118,-0.144,-0.077,0.261,0.355,0.06,220.103,0.373
sad,0.052,0.575,7.544,103.858,1.908,-0.076,-0.1,-0.373,-0.023,0.119,-0.033,0.023,-0.142,-0.179,-0.297,-0.079,0.003,50.36,0.037
sad,0.045,0.618,6.554,175.336,1.805,0.544,0.15,-0.049,0.148,0.122,0.175,0.152,-0.126,-0.171,0.057,0.069,0.049,51.816,0.139
sad,0.073,0.63,7.822,160.739,2.181,0.045,0.531,0.102,0.013,-0.173,-0.128,0.218,0.165,0.101,0.046,0.106,0.006,114.209,0.122
sad,0.044,0.582,6.168,183.367,2.62,0.894,0.714,0.242,0.461,0.309,-0.039,0.129,0.07,0.149,0.164,-0.003,-0.064,42.838,0.178
sad,0.11,0.622,7.863,187.003,2.81,0.406,0.311,0.098,0.038,-0.223,-0.146,-0.042,0.215,0.243,0.164,0.029,0.275,223.159,-0.249
sad,0.11,0.622,7.863,187.003,2.81,0.406,0.311,0.098,0.038,-0.223,-0.146,-0.042,0.215,0.243,0.164,0.029,0.275,223.159,-0.249
sad,0.246,0.605,6.965,106.127,2.504,0.01,0.531,-0.022,0.11,0.214,0.104,-0.049,-0.045,-0.069,-0.184,-0.049,0.111,1187.979,0.004
sad,0.205,0.517,5.754,136.335,2.151,-0.397,1.109,-0.035,0.21,0.063,0.252,0.004,0.059,0.126,-0.085,-0.029,-0.044,702.507,0.062
sad,0.122,0.531,6.383,151.399,2.969,-0.848,0.196,-0.481,-0.044,-0.168,-0.007,-0.047,-0.093,-0.029,0.037,0.057,0.175,390.078,0.429
sad,0.144,0.604,8.417,187.111,2.182,1.152,0.757,0.123,0.434,0.619,0.326,0.175,-0.055,0.147,-0.011,-0.048,-0.151,367.476,0.142
sad,0.105,0.585,9.276,124.133,2.669,0.985,0.155,0.016,0.454,0.03,0.329,0.103,0.248,0.099,0.216,0.268,0.295,82.101,-0.111
sad,0.121,0.565,7.33,175.096,3.928,0.233,0.282,0.317,0.214,-0.105,-0.145,0.23,0.359,-0.089,0.249,0.031,-0.138,236.45,0.004
sad,0.053,0.604,6.453,104.62,5.354,-0.939,0.148,-0.683,-0.494,-0.195,0.13,0.243,0.208,-0.384,-0.433,-0.152,0.098,31.732,-0.099
sad,0.097,0.542,15.547,65.153,1.955,-0.309,1.096,0.213,0.281,0.152,0.117,0.188,0.209,0.307,-0.048,-0.098,-0.207,133.067,-0.331
sad,0.08,0.527,4.931,161.241,2.167,-0.242,0.314,-0.204,0.124,-0.03,0.035,-0.089,0.026,0.129,0.067,0.144,0.219,167.346,-0.126
sad,0.168,0.609,6.495,100.96,2.44,-0.128,0.547,0.098,0.296,0.071,0.055,0.056,-0.05,-0.155,-0.128,-0.106,-0.054,341.447,0.14
sad,0.131,0.552,10.261,151.685,1.708,0.729,0.831,0.334,0.258,0.08,0.111,0.171,0.356,0.169,0.012,-0.1,-0.119,266.97,0.382
sad,0.309,0.489,5.484,111.469,2.49,-0.07,0.535,0.097,0.236,0.116,0.152,0.239,0.05,-0.015,-0.286,-0.187,-0.074,1507.01,0.12
sad,0.024,0.546,6.502,108.972,2.796,-0.371,-0.199,-0.308,0.145,0.196,0.2,0.081,0.221,-0.184,-0.178,0.059,-0.052,12.698,0.208
sad,0.057,0.573,5.797,182.168,2.695,-0.666,0.094,-0.169,0.248,0.246,0.571,0.601,0.188,-0.278,-0.058,-0.052,-0.222,59.289,0.044
sad,0.097,0.565,6.657,104.424,2.632,0.081,0.684,-0.157,0.181,0.151,0.148,0.104,0.187,0.082,-0.221,-0.123,-0.129,222.96,-0.159
sad,0.125,0.601,8.618,102.582,1.676,0.759,0.714,0.081,-0.018,-0.012,-0.265,0.04,0.539,0.09,0.208,0.147,0.014,196.58,0.056
sad,0.212,0.534,5.555,67.947,2.67,0.108,0.535,0.15,0.032,0.266,0.098,-0.056,-0.168,-0.078,-0.174,-0.179,-0.044,842.403,0.121
sad,0.092,0.579,7.516,132.049,2.419,-0.35,0.359,0.319,0.436,0.474,0.319,0.043,0.008,-0.006,-0.081,-0.035,-0.015,143.049,0.123
sad,0.06,0.506,23.475,76.362,0.66,-0.465,-0.87,-1.093,0.262,-0.728,-0.936,-0.661,-0.249,0.393,0.494,0.129,-0.024,33.358,-0.027
sad,0.095,0.578,5.608,87.87,3.624,-0.365,0.824,-0.12,0.222,0.196,-0.047,-0.392,-0.46,-0.319,-0.196,0.121,0.25,145.312,0.196
sad,0.025,0.675,10.23,156.274,3.863,0.551,1.161,-0.014,0.082,-0.165,0.109,0.098,0.093,0.451,0.242,0.051,0.337,3.41,0.078
sad,0.102,0.531,5.942,103.733,2.79,-1.359,0.585,0.222,0.216,0.204,0.324,0.227,0.085,0.041,-0.114,0.113,-0.159,255.562,0.07
sad,0.106,0.552,6.569,72.148,2.336,0.106,0.861,0.121,0.363,-0.05,-0.072,-0.058,0.027,-0.039,-0.068,-0.01,-0.01,242.898,0.109
sad,0.151,0.603,7.256,86.176,2.98,0.044,0.224,0.094,0.172,0.286,0.011,0.125,0.042,0.082,-0.021,0.079,0.161,363.952,-0.023
sad,0.033,0.579,8.254,177.7,2.663,-0.124,0.095,-0.283,0.13,0.131,-0.004,0.339,0.2,0.104,-0.02,0.205,0.171,15.361,-0.114
sad,0.107,0.492,7.463,153.233,1.733,1.068,0.567,0.11,0.296,-0.129,0.11,0.266,0.01,0.308,0.157,0.137,0.062,288.278,0.243
sad,0.094,0.601,7.312,182.164,2.865,0.525,0.373,-0.041,0.106,-0.075,0.191,0.271,0.367,0.216,0.338,0.008,0.031,151.488,-0.272
sad,0.205,0.517,5.754,136.335,2.151,-0.397,1.109,-0.035,0.21,0.063,0.252,0.004,0.059,0.126,-0.085,-0.029,-0.044,702.507,0.062
sad,0.083,0.522,6.723,103.759,2.452,0.256,0.371,0.139,0.404,0.232,0.028,0.071,0.055,-0.12,0.393,0.261,0.177,88.762,0.004
sad,0.064,0.588,7.704,101.169,2.334,0.465,0.447,-0.362,0.249,-0.066,-0.124,0.384,0.134,0.25,0.098,0.147,0.078,49.544,0.177
angry,0.135,0.578,4.88,163.585,1.697,0.358,0.591,0.474,0.125,0.2,0.19,0.061,0.013,0.039,0.073,-0.064,0.02,356.833,-0.071
angry,0.182,0.672,6.116,100.376,2.557,0.339,0.32,0.086,0.144,0.001,0.228,-0.014,0.167,0.128,0.062,0.035,0.09,518.076,0.098
angry,0.087,0.59,5.774,134.806,2.275,0.054,0.379,-0.054,0.116,0.026,0.07,-0.028,0.017,-0.086,-0.014,0.006,-0.035,254.987,0.257
angry,0.431,0.302,7.311,153.212,0.634,0.173,0.152,0.069,0.124,0.069,0.094,0.102,0.073,-0.024,-0.037,-0.009,0.069,644.802,-0.032
angry,0.217,0.541,4.744,125.005,2.473,-0.218,0.259,0.147,0.282,0.227,0.094,-0.065,-0.018,0.072,0.064,-0.033,0.042,1382.163,0.051
angry,0.145,0.431,5.327,184.036,2.252,0.7,0.479,-0.027,0.006,0.018,0.17,-0.111,-0.082,0.038,0.114,-0.069,0.014,750.108,-0.038
angry,0.269,0.499,9.074,113.577,2.334,0.584,0.207,0.161,0.195,0.138,0.056,-0.053,0.085,0.067,0.09,0.064,0.065,1558.145,0.004
angry,0.14,0.585,5.864,99.864,2.841,-0.209,0.498,0.223,0.375,0.213,0.094,-0.027,0.08,-0.019,0.053,0.103,0.105,532.739,0.003
angry,0.112,0.321,4.776,153.016,1.318,-0.088,0.466,-0.05,0.211,0.17,0.191,0.13,-0.024,-0.051,0.166,-0.057,0.189,113.986,0.226
angry,0.193,0.538,4.178,107.653,1.703,-0.141,0.873,-0.296,0.558,0.377,-0.079,0.16,-0.002,0.034,0.214,0.105,0.146,845.899,0.211
angry,0.293,0.535,6.218,100.205,1.863,0.453,0.804,0.152,0.239,0.124,0.318,0.091,0.143,0.141,0.129,0.07,0.059,2152.376,0
angry,0.2,0.537,6.246,118.921,2.769,0.633,1.622,0.395,-0.352,-0.177,0.297,-0.205,0.477,-0.111,-0.279,0.202,-0.042,1078.431,-0.029
angry,0.11,0.619,5.495,66.632,2.581,-0.51,0.407,0.117,0.205,-0.084,0.105,0.163,0.118,-0.067,-0.138,-0.022,-0.047,231.48,0.046
angry,0.213,0.5,4.779,151.053,2.078,0.37,0.787,0.17,0.121,0.167,0.255,0.071,0.055,0.016,0.034,0.018,0.023,959.982,-0.001
angry,0.085,0.586,4.688,78.442,2.075,0.121,0.713,0.041,0.209,0.135,0.147,-0.009,0.004,-0.004,-0.166,-0.112,-0.075,197.892,-0.029
angry,0.184,0.482,5.617,121.651,2.078,0.01,0.551,0.067,0.206,0.16,0.083,0.034,0.039,0.045,0.034,-0.009,0.013,1161.827,-0.225
angry,0.113,0.566,4.515,161.026,2.705,0.093,0.428,0.102,0.151,0.018,0.051,-0.037,-0.012,0.009,-0.013,0.015,-0.017,364.836,0.064
angry,0.206,0.523,6.352,186.914,2.483,0.26,0.531,0.241,0.265,0.022,0.025,-0.18,-0.034,0.01,0.02,0.067,0.027,1324.405,0.111
angry,0.143,0.577,6.009,79.222,2.585,0.266,0.639,0.224,0.228,0.052,0.123,-0.093,-0.001,-0.033,0.004,0.03,0.109,499.446,-0.296
angry,0.112,0.57,5.105,130.607,2.436,-0.223,0.993,0.063,0.13,0.246,0.277,0.048,0.014,-0.052,-0.026,-0.074,0.06,377.712,0.174
angry,0.106,0.432,17.599,130.007,2.826,0.614,0.576,0.079,0.003,-0.037,0.092,0.102,0.132,0.014,-0.018,-0.06,-0.133,329.488,0.385
angry,0.192,0.472,6.674,120.185,2.109,-0.157,0.349,0.046,0.232,0.138,0.138,-0.124,0.068,0.075,-0.02,0.001,0.081,1116.048,0.01
angry,0.173,0.576,4.914,105.803,1.949,0.291,0.443,0.225,0.277,0.127,0.098,-0.06,0.055,0.103,0.005,-0.095,-0.073,804.745,-0.168
angry,0.198,0.485,4.966,104.43,1.622,0.47,0.617,0.026,0.333,0.182,0.098,-0.03,-0.019,0.09,0.062,-0.041,0.073,933.083,-0.245
angry,0.109,0.541,3.58,130.172,2.512,0.502,-0.133,-0.116,0.369,0.112,-0.138,-0.25,-0.086,-0.143,0.116,0.139,0.214,420.952,-0.242
angry,0.059,0.494,5.17,180.931,1.947,0.3,0.251,0.035,0.105,0.006,0.142,-0.056,0.164,-0.038,0.147,-0.013,-0.035,109.303,-0.243
angry,0.107,0.582,5.817,79.106,3.137,-0.013,0.602,-0.194,-0.027,-0.105,-0.023,-0.186,0.014,0.088,-0.049,-0.088,-0.094,258.74,0.008
angry,0.169,0.551,4.531,107.873,1.453,0.357,0.716,-0.127,0.476,0.427,-0.028,0.196,-0.014,0.025,0.19,0.092,0.12,624.396,0.039
angry,0.134,0.515,6.237,142.175,1.456,0.003,1.048,-0.092,-0.013,0.192,0.238,0.107,0.119,0.088,0.056,0.023,0.068,861,0.051
angry,0.126,0.597,6.75,117.189,2.903,0.005,0.255,-0.647,-0.175,-0.654,-0.848,-0.744,-0.151,0.144,-0.006,-0.213,0.191,293.766,-0.02
angry,0.034,0.554,4.399,178.957,2.285,0.009,0.686,-0.032,0.257,0.045,-0.058,0.041,0.108,0.07,-0.011,-0.027,0.064,47.909,0.218
angry,0.188,0.52,5.997,122.783,3.087,-0.55,0.223,-0.215,0.219,-0.07,-0.057,0.037,0.2,0.143,0.161,0.201,0.064,522.821,-0.024
angry,0.291,0.573,7.838,143.126,3.155,-0.068,0.74,0.423,-0.011,0.055,-0.042,0.031,0.049,-0.06,-0.015,0.096,0.05,1521.069,0.036
angry,0.227,0.616,5.167,109.845,2.672,-0.077,0.597,0.316,0.064,0.051,-0.035,0.015,0.059,0.051,0.075,0.241,0.047,885.976,0.143
angry,0.167,0.593,8.996,181.874,3.014,-0.338,0.562,-0.076,0.326,-0.069,0.131,0.196,-0.054,0.065,-0.039,0.012,0.111,678.732,-0.055
angry,0.262,0.527,6.795,142.863,2.043,-0.019,0.213,0.272,0.242,0.036,0.055,0.09,-0.018,0.079,-0.006,-0.034,0.051,2150.544,0.011
angry,0.12,0.596,6.862,119.034,2.102,-0.197,0.656,-0.174,0.199,0.139,0.247,-0.015,-0.178,0.022,0.038,0.013,-0.072,241.849,0.035
angry,0.223,0.588,4.979,80.072,2.148,-0.096,0.649,0.081,0.144,0.074,0.171,-0.003,-0.097,0.012,-0.016,0.055,0.062,998.358,0.138
angry,0.151,0.562,5.729,54.514,2.002,-0.197,0.197,-0.128,0.045,0.164,0.099,0.126,0.123,0.107,0.114,-0.057,-0.061,851.747,-0.112
angry,0.036,0.564,7.433,104.817,2.561,-0.19,0.754,-0.291,0.142,-0.032,0.114,0.041,0.195,0.002,-0.04,-0.027,0.039,54.649,0.151
angry,0.268,0.496,4.444,150.255,2.314,0.118,0.541,-0.185,0.063,0.164,0.114,0.04,0.033,0.114,0.168,0.051,0.066,1802.253,0.07
angry,0.268,0.496,4.444,150.255,2.314,0.118,0.541,-0.185,0.063,0.164,0.114,0.04,0.033,0.114,0.168,0.051,0.066,1802.253,0.07
angry,0.096,0.432,5.074,132.409,2.126,0.283,0.424,-0.101,0.292,-0.132,0.235,0.066,-0.153,0.102,0.048,0,0.142,324.946,0.302
angry,0.052,0.528,4.86,133.897,1.766,0.044,0.603,0.306,0.282,0.205,0.193,0.106,0.065,-0.016,0.051,0.063,0.057,82.682,-0.055
angry,0.119,0.612,5.069,139.847,2.43,0.021,0.684,0.018,0.114,0.219,0.211,0.029,-0.019,0.098,-0.019,-0.063,-0.028,401.104,0.13
angry,0.099,0.607,5.542,120.801,1.611,0.147,0.629,0.131,0.374,0.178,0.117,-0.01,-0.03,0.076,0.04,-0.135,-0.08,221.549,0.164
angry,0.101,0.562,5.905,195.026,1.126,0.136,0.713,0.155,0.29,-0.249,0.334,-0.158,0.04,0.007,0.001,0.101,0.04,224.882,0.064
angry,0.13,0.563,5.435,84.043,2.902,0.321,0.438,0.356,0.177,0.102,0.283,0.143,0.061,0.059,0.132,0.061,0.002,314.295,0.089
angry,0.235,0.503,5.051,100.912,2.164,0.502,0.827,0.167,0.237,0.15,0.169,-0.068,0.007,0.225,0.21,0.253,0.243,1461.857,0.085
angry,0.067,0.566,5.852,149.473,3.789,-0.481,0.835,0.064,0.085,0.03,0.209,0.146,0.078,0.01,-0.053,-0.004,-0.039,158.247,0.212
angry,0.136,0.576,6.126,95.549,2.069,-0.356,0.452,0.157,0.131,0.148,0.281,0.134,0.04,-0.055,-0.029,0.093,0.036,353.425,-0.118
angry,0.108,0.52,4.594,118.512,1.964,0.059,0.605,0.09,0.054,0.02,0.095,-0.056,-0.16,-0.089,0.026,-0.024,0.047,335.515,-0.069
angry,0.297,0.532,4.954,140.241,1.455,0.568,0.4,-0.088,0.205,-0.09,0.08,0.242,0.016,0.115,0.148,0.021,0.057,1592.117,0.125
angry,0.093,0.522,7.468,181.284,0.423,0.06,1.208,1.126,0.77,0.323,0.167,0.066,0.202,0.382,0.111,0.05,-0.068,171.521,-0.284
angry,0.207,0.493,4.173,105.184,2.258,-0.365,0.45,0.07,0.246,0.088,0.027,-0.011,0.099,0.107,0.116,0.049,0.09,992.638,0.008
angry,0.306,0.522,4.653,178.815,0.808,-0.124,0.691,-0.138,0.212,0.135,0.249,-0.024,0.218,0.167,0.199,-0.029,0.022,3899.847,0.009
angry,0.265,0.583,6.245,180.237,1.271,0.083,0.821,-0.267,0.344,0.171,0.264,-0.161,0.297,-0.252,0.135,-0.247,0.191,2600.142,0.292
angry,0.152,0.51,4.793,112.153,1.89,0.11,0.702,0.166,0.168,0.2,0.037,0.13,0.045,0.01,0.04,0.063,0.099,552.166,-0.186
angry,0.161,0.594,4.868,96.015,3.244,0.033,0.442,0.266,0.12,0.156,0.106,0.069,0.075,-0.087,0.093,-0.09,0.06,418.66,-0.025
angry,0.174,0.521,5.115,105.733,1.537,0.38,0.434,0.288,0.239,0.134,0.058,0.037,0.018,0.004,-0.087,-0.074,-0.04,1058.672,0.064
angry,0.174,0.521,5.115,105.733,1.537,0.38,0.434,0.288,0.239,0.134,0.058,0.037,0.018,0.004,-0.087,-0.074,-0.04,1058.672,0.064
angry,0.069,0.469,4.815,162.193,2.368,-0.284,0.417,-0.103,0.016,-0.086,0.081,0.037,-0.004,0.016,0.054,0.032,0.094,122.277,0.017
angry,0.154,0.507,5.795,121.666,1.9,-0.112,0.422,0.058,0.213,0.118,0.186,0.067,-0.021,0.017,0.105,0.151,0.105,469.49,-0.346
angry,0.171,0.522,5.671,120.763,1.774,-0.101,0.458,0.075,0.202,0.146,0.234,0.11,0.046,0.094,0.119,0.079,0.041,627.905,0.05
angry,0.154,0.462,4.83,133.083,1.107,0.045,0.846,0.071,0.305,0.089,0.189,0.054,0.015,0.045,0.04,-0.012,0.032,777.825,-0.126
angry,0.251,0.466,4.468,177.357,2.139,-0.227,0.925,-0.012,0.337,0.138,0.212,0.127,0.038,0.018,0.043,-0.019,0.04,1726.125,-0.21
angry,0.255,0.464,4.362,177.325,2.168,-0.227,0.93,-0.014,0.343,0.14,0.213,0.121,0.034,0.015,0.038,-0.018,0.042,1784.157,-0.186
angry,0.23,0.505,6.279,182.726,2.238,-0.318,0.768,0.061,0.283,0.144,0.293,0.189,0.167,0.074,0.086,0.028,0.083,1361.197,-0.525
angry,0.152,0.546,5.066,163,2.974,-0.518,0.421,-0.22,0.093,-0.073,0.055,-0.111,-0.032,-0.022,-0.101,-0.162,-0.053,703.842,0.332
angry,0.23,0.556,5.452,140.71,2.475,-0.372,1.104,0.413,0.193,0.211,0.459,0.134,0.072,-0.027,-0.01,-0.055,-0.036,758.492,0.117
angry,0.26,0.552,5.321,141.962,2.204,0.079,0.638,-0.003,-0.085,-0.099,-0.089,-0.106,0.127,0.058,0.017,0.037,0.02,1866.417,0.138
angry,0.138,0.537,5.112,117.756,1.591,0.132,0.742,-0.128,0.106,0.138,0.249,-0.02,0.154,-0.072,0.174,-0.022,0.089,481.621,0.231
angry,0.145,0.573,4.388,116.143,2.513,-0.55,0.995,-0.212,0.276,0.201,0.116,-0.09,0.006,0.123,0.099,0.069,0.074,573.027,0.056
angry,0.073,0.552,5.931,158.01,3,-0.584,0.758,-0.047,0.227,0.113,0.123,0.174,0.061,0.131,0.123,0.002,0.046,151.496,-0.008
angry,0.162,0.484,4.84,108.372,2.289,0.127,0.636,-0.047,0.301,0.097,0.172,0.108,0.15,0.05,0.046,0.087,0.134,664.148,-0.267
angry,0.182,0.594,5.782,115.081,1.778,-0.101,0.338,0.129,0.47,0.09,0.101,0.116,0.173,0.062,0.099,0.051,0.049,246.988,-0.111
angry,0.174,0.519,5.133,95.038,3.261,0.406,0.423,-0.051,0.062,-0.083,0.191,0.096,0.044,-0.041,-0.006,0.037,0.089,863.13,-0.095
angry,0.049,0.581,4.841,148.824,1.616,0.27,0.518,0.089,0.144,0.011,0.132,0.027,0.018,-0.011,-0.016,-0.056,-0.028,72.402,0.211
angry,0.135,0.486,4.955,92.09,1.473,0.318,0.537,0.129,0.468,-0.166,0.105,0.054,-0.018,0,0.077,0.019,0.079,466.87,0.157
angry,0.144,0.643,5.955,157.85,3.353,0.776,0.439,-0.33,0.055,-0.048,0.141,0.226,0.27,0.176,0.081,0.228,-0.025,210.928,0.327
angry,0.062,0.635,4.527,107.007,0.323,0.048,0.478,0.029,0.236,0.117,0.033,-0.04,-0.04,0.018,0.067,0.075,0.09,99.633,-0.08
angry,0.201,0.515,6.586,120.389,2.482,0.181,0.64,0.221,0.087,0.235,0.128,0.123,-0.026,0.07,-0.044,0.085,0.039,1256.1,0.078
angry,0.201,0.515,6.586,120.389,2.482,0.181,0.64,0.221,0.087,0.235,0.128,0.123,-0.026,0.07,-0.044,0.085,0.039,1256.1,0.078
angry,0.145,0.577,5.554,118.945,2.546,0.296,0.652,0.277,0.33,0.107,0.128,0.087,0.034,0.019,0.019,0.053,0.076,431.592,-0.104
angry,0.216,0.598,6.516,179.463,1.461,-0.105,0.794,-0.223,-0.065,-0.057,0.077,-0.081,-0.114,0.038,-0.079,-0.023,-0.026,458.392,-0.005
angry,0.108,0.513,7.31,144.728,3.236,0.44,0.528,0.087,0.277,0.145,0.217,0.002,0.086,0.044,0.039,-0.006,-0.008,326.835,-0.011
angry,0.215,0.489,6.177,100.051,2.124,-0.314,0.851,-0.216,0.3,0.147,0.295,-0.133,-0.232,-0.039,0.067,0.052,0.09,1451.29,0.227
angry,0.115,0.587,4.305,54.903,3.92,-0.488,0.785,0.296,0.375,0.007,0.074,0.096,-0.028,-0.068,0.06,-0.066,0.04,283.025,-0.157
angry,0.092,0.578,3.987,108.148,2.854,-0.092,1.248,-0.116,0.73,0.196,0.254,0.017,0.083,-0.059,0.234,0.016,0.106,202.549,0.024
angry,0.103,0.571,7.679,110.098,1.876,-0.105,-0.129,-0.087,0.235,-0.125,-0.048,-0.021,0.212,0.286,-0.023,0.168,0.055,291.883,0.068
angry,0.201,0.53,5.831,118.455,2.797,-0.386,0.587,-0.105,0.284,0.013,-0.019,0.108,0.159,0.197,0.087,-0.238,-0.171,1228.459,0.11
angry,0.08,0.599,5.581,109.533,2.255,0.172,0.448,0.218,-0.038,0.076,0.115,-0.034,0.149,0.104,0.083,0.128,0.052,176.401,-0.027
angry,0.097,0.502,6.844,97.563,2.049,-0.31,0.747,0.006,-0.069,-0.02,0.025,0.06,-0.101,-0.097,-0.119,-0.04,0.052,302.056,-0.24
angry,0.071,0.662,5.102,170.061,2.677,-0.037,0.883,-0.073,0.027,-0.149,0.143,0.024,-0.036,-0.126,-0.086,0.088,0.054,83.64,-0.068
angry,0.075,0.528,4.437,128.347,1.682,0.576,0.726,0.432,0.259,0.094,-0.108,0.102,0.128,-0.051,-0.037,-0.157,-0.209,216.486,0.079
angry,0.174,0.578,5.265,161.144,2.985,0.065,0.718,0.046,0.265,0.104,0.198,0.076,-0.129,-0.057,-0.173,-0.082,0.053,547.713,0.06
angry,0.176,0.498,5.042,179.787,2.79,-0.148,0.342,-0.011,0.029,0.039,0.065,-0.013,-0.129,0.029,-0.038,-0.035,0.038,1121.91,0.032
angry,0.187,0.557,4.724,134.032,1.672,0.566,0.88,-0.113,0.244,0.214,0.278,0.17,-0.049,-0.056,-0.111,-0.003,0.011,889.926,-0.01
angry,0.14,0.573,4.47,113.6,1.997,-0.21,0.694,0.089,0.206,0.062,0.173,0.243,-0.036,-0.149,-0.049,-0.078,0.035,408.726,0.174
angry,0.086,0.475,5.343,151.748,2.24,-0.014,0.834,-0.021,0.345,0.266,0.31,0.155,-0.003,0.016,-0.041,-0.055,0.075,258.4,0
